BES-IDF-A,BES-IDF-A,10.100.101.54,172.16.22.4,Brocade,2,ICX7250-48P POE 48-port Management Module,SPR08090k,DUK3802P31C:DUI3820P0NA:,
BES-IDF-B,BES-IDF-B,10.100.101.55,172.16.22.5,Brocade,1,ICX7250-48P POE 48-port Management Module,SPR08090k,DUK3802P2VB:,
BES-MDF,BES-MDF,10.100.101.53,172.16.22.3,Brocade,2,ICX7450-48P POE 48-port Management Module,SPR08090k,CYR3343N08A:CYR3343N08H:,
BMMS-IDF-A,BMMS-IDF-A,10.100.101.137,172.17.224.4,Brocade,1,ICX7250-48P POE 48-port Management Module,SPR08090k,DUK3812P04T:,
BMMS-IDF-B,BMMS-IDF-B,10.100.101.138,172.17.224.5,Brocade,1,ICX7250-48P POE 48-port Management Module,SPR08090k,DUK3812P03R:,
BMMS-IDF-C,BMMS-IDF-C,10.100.101.139,172.17.224.6,Brocade,1,ICX7250-48P POE 48-port Management Module,SPR08090k,DUK3812P05C:,
BMMS-IDF-D,BMMS-IDF-D,10.100.101.140,172.17.224.7,Brocade,1,ICX7250-48P POE 48-port Management Module,SPR08090k,DUK3812P04V:,
BMMS-IDF-E,BMMS-IDF-E,10.100.101.141,172.17.224.8,Brocade,1,ICX7250-24P POE 24-port Management Module,SPR08090k,DUI3832P078:,
BMMS-MDF,BMMS-MDF,10.100.101.136,172.17.224.3,Brocade,2,ICX7450-48P POE 48-port Management Module,SPR08090k,CYR3342M01A:CYR3315N061:,
BURCH-IDF-A,BURCH-IDF-A,10.100.101.38,172.16.8.4,Brocade,2,ICX7250-48P POE 48-port Management Module,SPR08090k,DUK3812P12L:DUI3823P03C:,
BURCH-IDF-B,BURCH-IDF-B,10.100.101.39,172.16.8.5,Brocade,1,ICX7250-48P POE 48-port Management Module,SPR08090k,DUK3812P13S:,
BURCH-MDF,BURCH-MDF,10.100.101.37,172.16.8.3,Brocade,2,ICX7450-48P POE 48-port Management Module,SPR08090k,CYR3343N022:CYR3343N07H:,
CES-IDF-A,CES-IDF-A,10.100.101.84,172.17.0.4,Brocade,1,ICX7250-48P POE 48-port Management Module,SPR08090k,DUK3812P12E:,
CES-IDF-B,CES-IDF-B,10.100.101.85,172.17.0.5,Brocade,1,ICX7250-24P POE 24-port Management Module,SPR08090k,DUI3832P05J:,
CES-IDF-C,CES-IDF-C,10.100.101.86,172.17.0.6,Brocade,1,ICX7250-48P POE 48-port Management Module,SPR08090k,DUK3812P134:,
CES-IDF-D,CES-IDF-D,10.100.101.87,172.17.0.7,Brocade,1,ICX7250-48P POE 48-port Management Module,SPR08090k,DUK3812P12D:,
CES-MDF,CES-MDF,10.100.101.83,172.17.0.3,Brocade,2,ICX7450-48P POE 48-port Management Module,SPR08090k,CYR3342P04C:CYU3309N04G:,
CLES-IDF-A,CLES-IDF-A,10.100.101.98,172.17.48.4,Brocade,1,ICX7250-48P POE 48-port Management Module,SPR08090k,DUK3812P136:,
CLES-IDF-B,CLES-IDF-B,10.100.101.99,172.17.48.5,Brocade,2,ICX7250-48P POE 48-port Management Module,SPR08090k,DUK3812P13D:DUK3812P130:,
CLES-MDF,CLES-MDF,10.100.101.97,172.17.48.3,Brocade,2,ICX7450-48P POE 48-port Management Module,SPR08090k,CYR3343N051:CYR3343N0AJ:,
ENA-WAN-Router,ENA-WAN-Router,10.100.101.145,172.17.255.20,ISP,None,None,None,None,
FCHS-IDF-A,FCHS-IDF-A,10.100.101.109,172.17.80.4,Brocade,4,ICX7250-48P POE 48-port Management Module,SPR08090k,DUK3849N0ZK:DUK3849N0ZS:DUK3849N22C:DUI3820P025:,
FCHS-IDF-B,FCHS-IDF-B,10.100.101.110,172.17.80.5,Brocade,4,ICX7250-48P POE 48-port Management Module,SPR08090k,DUK3849N0ZC:DUK3849N0ZE:DUK3849N22B:DUK3849N23R:,
FCHS-IDF-C,FCHS-IDF-C,10.100.101.111,172.17.80.6,Brocade,4,ICX7250-48P POE 48-port Management Module,SPR08090k,DUK3849N0ZP:DUI3811P0XD:DUK3849N22E:DUI3820P0LA:,
FCHS-IDF-D,FCHS-IDF-D,10.100.101.112,172.17.80.7,Brocade,2,ICX7250-48P POE 48-port Management Module,SPR08090k,DUK3849N0ZG:DUK3849N227:,
FCHS-IDF-F,FCHS-IDF-F,10.100.101.156,172.17.80.20,Brocade,1,ICX7250-24P POE 24-port Management Module,SPR08090k,DUI3836P004:,
FCHS-IDF-Field,FCHS-IDF-Field,10.100.101.158,172.17.80.22,Brocade,1,ICX7250-24P POE 24-port Management Module,SPR08090k,DUI3836P02D:,
FCHS-IDF-Press,FCHS-IDF-Press,10.100.101.157,172.17.80.21,Brocade,1,ICX7250-24P POE 24-port Management Module,SPR08090k,DUI3836P01Y:,
FCHS-Intercom,FCHS-Intercom,10.100.101.151,172.17.80.8,Brocade,2,ICX7250-48P POE 48-port Management Module,SPR08090k,DUK3812P08E:DUK3812P06E:,
FCHS-MDF,FCHS-MDF,10.100.101.7,172.17.80.3,Brocade,2,ICX7450-48P POE 48-port Management Module,SPR08090k,CYR3343N09Y:CYR3343N0AY:,
FCHS-MDF-Intercom,FCHS-MDF-Intercom,10.100.101.171,172.17.80.19,Brocade,1,ICX7250-48P POE 48-port Management Module,SPR08090k,DUK3849N22L:,
FCLTS-MDF,FCLTS-MDF,10.100.101.160,172.16.42.3,Brocade,1,ICX6450-48p POE 48-port Management Module,ICX64R08010m,BZT3236K043:,
FES-IDF-A,FES-IDF-A,10.100.101.81,172.16.50.4,Brocade,2,ICX7250-48P POE 48-port Management Module,SPR08090k,DUK3812P04Y:DUI3832P07B:,
FES-IDF-B,FES-IDF-B,10.100.101.82,172.16.50.5,Brocade,1,ICX7250-48P POE 48-port Management Module,SPR08090k,DUK3812P05V:,
FES-MDF,FES-MDF,10.100.101.80,172.16.50.3,Brocade,2,ICX7450-48P POE 48-port Management Module,SPR08090k,CYR3343N02A:CYU3309N017:,
FIS-IDF-A,FIS-IDF-A,10.100.101.162,172.17.144.4,Brocade,1,ICX6450-48p POE 48-port Management Module,ICX64R08010m,BZT3220L04E:,
FIS-MDF,FIS-MDF,10.100.101.161,172.17.144.3,Brocade,2,ICX6450-48p POE 48-port Management Module,ICX64R08010m,BZT3220L043:BZT3220L046:,
FMS-IDF-A,FMS-IDF-A,10.100.101.65,172.18.32.4,Brocade,2,ICX7250-48P POE 48-port Management Module,SPR08090k,DUK3812P04Z:DUI3832P07C:,
FMS-IDF-B,FMS-IDF-B,10.100.101.66,172.18.32.5,Brocade,2,ICX7250-48P POE 48-port Management Module,SPR08090k,DUK3812P04W:DUI3832P07H:,
FMS-IDF-C,FMS-IDF-C,10.100.101.67,172.18.32.6,Brocade,2,ICX7250-48P POE 48-port Management Module,SPR08090k,DUK3812P04S:DUK3812P055:,
FMS-MDF,FMS-MDF,10.100.101.64,172.18.32.3,Brocade,2,ICX7450-48P POE 48-port Management Module,SPR08090k,CYR3343N076:CYR3343N0AG:,
FRMS-IDF-A,FRMS-IDF-A,10.100.101.33,172.17.192.4,Brocade,1,ICX7250-48P POE 48-port Management Module,SPR08090k,DUK3812P12F:,
FRMS-IDF-B,FRMS-IDF-B,10.100.101.34,172.17.192.5,Brocade,1,ICX7250-48P POE 48-port Management Module,SPR08090k,DUK3812P135:,
FRMS-IDF-C,FRMS-IDF-C,10.100.101.35,172.17.192.6,Brocade,1,ICX7250-48P POE 48-port Management Module,SPR08090k,DUK3812P13N:,
FRMS-IDF-D,FRMS-IDF-D,10.100.101.36,172.17.192.7,Brocade,1,ICX7250-48P POE 48-port Management Module,SPR08090k,DUK3812P131:,
FRMS-MDF,FRMS-MDF,10.100.101.32,172.17.192.3,Brocade,2,ICX7450-48P POE 48-port Management Module,SPR08090k,CYR3343N0AW:CYR3343N07T:,
HES-IDF-A,HES-IDF-A,10.100.101.51,172.16.20.4,Brocade,1,ICX7250-48P POE 48-port Management Module,SPR08090k,DUK3807P0Y5:,
HES-IDF-B,HES-IDF-B,10.100.101.52,172.16.20.5,Brocade,1,ICX7250-48P POE 48-port Management Module,SPR08090k,DUK3806P034:,
HES-MDF,HES-MDF,10.100.101.50,172.16.20.3,Brocade,2,ICX7450-48P POE 48-port Management Module,SPR08090k,CYR3343N02H:CYR3343N0KP:,
IES-IDF-A,IES-IDF-A,10.100.101.124,172.17.112.4,Brocade,1,ICX7250-48P POE 48-port Management Module,SPR08090k,DUK3802P2VT:,
IES-IDF-B,IES-IDF-B,10.100.101.125,172.17.112.5,Brocade,2,ICX7250-48P POE 48-port Management Module,SPR08090k,DUK3802P2VS:DUI3820P0N1:,
IES-MDF,IES-MDF,10.100.101.123,172.17.112.3,Brocade,2,ICX7450-48P POE 48-port Management Module,SPR08090k,CYR3343N09S:CYR3343N0A0:,
JCBMS-IDF-A,JCBMS-IDF-A,10.100.101.170,172.17.208.4,Brocade,4,ICX7250-48P POE 48-port Management Module,SPR08090k,DUK3802P2TK:DUK3809Q0MC:DUI3809Q03L:DUI3809Q03F:,
JCBMS-IDF-B,JCBMS-IDF-B,10.100.101.47,172.17.208.5,Brocade,3,ICX7250-48P POE 48-port Management Module,SPR08090k,DUK3802P2V9:DUI3820P0LH:DUI3809Q03G:,
JCBMS-IDF-C,JCBMS-IDF-C,10.100.101.48,172.17.208.6,Brocade,2,ICX7250-48P POE 48-port Management Module,SPR08090k,DUK3802P2TN:DUI3809Q053:,
JCBMS-IDF-D,JCBMS-IDF-D,10.100.101.49,172.17.208.7,Brocade,3,ICX7250-48P POE 48-port Management Module,SPR08090k,DUK3802P2TJ:DUI3840P0MW:DUI3809Q03M:,
JCBMS-MDF,JCBMS-MDF,10.100.101.45,172.17.208.3,Brocade,3,ICX7450-48P POE 48-port Management Module,SPR08090k,CYR3343N0AX:CYR3343N08Z:CYR3342P0C7:,
JCBMS-MDF-Intercom,JCBMS-MDF-Intercom,10.100.101.169,172.17.208.8,Brocade,2,ICX7250-24P POE 24-port Management Module,SPR08090k,DUI3809Q035:DUI3809Q03V:,
KES-IDF-A,KES-IDF-A,10.100.101.41,172.16.12.4,Brocade,1,ICX7250-48P POE 48-port Management Module,SPR08090k,DUK3812P138:,
KES-IDF-A-Intercom,KES-IDF-A-Intercom,10.100.101.165,172.16.12.7,Brocade,1,ICX6450-48p POE 48-port Management Module,ICX64R08010m,BZT3219M0FB:,
KES-IDF-B,KES-IDF-B,10.100.101.42,172.16.12.5,Brocade,2,ICX7250-48P POE 48-port Management Module,SPR08090k,DUK3812P12H:DUI3823P03F:,
KES-IDF-B-Intercom,KES-IDF-B-Intercom,10.100.101.166,172.16.12.8,Brocade,2,ICX6450-48p POE 48-port Management Module,ICX64R08010m,BZT3219M0F9:BZR3218M00Z:,
KES-MDF,KES-MDF,10.100.101.40,172.16.12.3,Brocade,2,ICX7450-48P POE 48-port Management Module,SPR08090k,CYR3343N04Y:CYR3343N03F:,
KES-MDF-Intercom,KES-MDF-Intercom,10.100.101.146,172.16.12.6,Brocade,2,ICX6450-48p POE 48-port Management Module,ICX64R08010m,BZT3219M0E5:BZR3218M00M:,
L3-MON-SRX,L3-MON-SRX,207.191.188.94,192.168.20.200,Juniper,None,None,None,None,
L3-TUNNEL-GA,L3-TUNNEL-GA,10.250.101.2,10.250.101.2,Tunnel,None,None,None,None,
L3-TUNNEL-TX,L3-TUNNEL-TX,10.251.101.2,10.250.101.2,Tunnel,None,None,None,None,
LEC-A-IDF-A,LEC-A-IDF-A,10.100.101.1,172.16.240.3,Brocade,5,ICX7250-48P POE 48-port Management Module,SPR08090k,DUK3849N124:DUK3849N12M:DUK3812P05J:DUK3812P05Z:DUK3812P05L:,
LEC-B-IDF-A,LEC-B-IDF-A,10.100.101.3,172.16.242.3,Brocade,7,ICX7250-48P POE 48-port Management Module,SPR08090k,DUK3849N22R:DUK3849N091:DUK3849N034:DUK3849N03Z:DUK3849N03E:DUK3807P0PR:DUK3849N0W2:,
LEC-D-IDF-A,LEC-D-IDF-A,10.100.101.16,172.16.244.3,Brocade,2,ICX6450-24p POE 24-port Management Module,ICX64R08010m,BZR3233K04C:BZR3233K05D:,
LEC-D-IDF-B,LEC-D-IDF-B,10.100.101.17,172.16.244.4,Brocade,1,ICX6450-48p POE 48-port Management Module,ICX64R08010m,BZT3234K0C0:,
LEC-D-IDF-C,LEC-D-IDF-C,10.100.101.18,172.16.244.5,Brocade,1,ICX6450-48p POE 48-port Management Module,ICX64R08010m,BZT3234K0CB:,
LEC-DC-AIRWAVE,LEC-DC-AIRWAVE,10.100.101.27,172.16.30.25,Aruba,1,Airwave,8.2.8.2,W0000045244,
LEC-DC-ARUBA1,LEC-DC-ARUBA1,10.100.101.19,10.10.1.210,Aruba,1,MM-HW-5K,8.6.0.15,TWDLK350F:,
LEC-DC-ARUBA2,LEC-DC-ARUBA2,10.100.101.20,10.10.1.220,Aruba,1,MM-HW-5K,8.6.0.15,TWDLK350D:,
LEC-DC-ARUBA3,LEC-DC-ARUBA3,10.100.101.21,10.10.1.131,Aruba,1,A7240-US,8.6.0.15,CX0001086:,
LEC-DC-ARUBA4,LEC-DC-ARUBA4,10.100.101.22,10.10.1.141,Aruba,1,A7240-US,8.6.0.15,CX0001051:,
LEC-DC-ARUBA5,LEC-DC-ARUBA5,10.100.101.23,10.10.1.151,Aruba,1,A7240-US,8.6.0.15,CX0001046:,
LEC-DC-CLEARPASS1,LEC-DC-CLEARPASS1,10.100.101.24,172.16.30.70,Aruba,1,\\C2000 (R210)\\,6.8.9.120997,2JMK842:,
LEC-DC-CLEARPASS2,LEC-DC-CLEARPASS2,10.100.101.25,172.16.30.71,Aruba,1,\\C2000 (R210)\\,6.8.9.120997,3YDF842:,
LEC-DC-CORE,LEC-DC-CORE,10.100.101.12,192.168.20.20,Brocade,2,ICX7750-48XGF 48-port Management Module,SWR08030p,CRH3330N019:CRH3330N00R:,
LEC-DC-DMZ,LEC-DC-DMZ,10.100.101.13,192.168.20.240,Brocade,2,ICX7450-24P POE 24-port Management Module,SPR08030p,CYU3309N04K:CYU3309N01N:,
LEC-DC-Infoblox-1,LEC-DC-Infoblox-1,10.100.101.154,192.168.20.76,Infoblox,1,Server,None,None,
LEC-DC-Infoblox-2,LEC-DC-Infoblox-2,10.100.101.155,192.168.20.77,Infoblox,1,Server,None,None,
LEC-DC-JUNIPER-SA,LEC-DC-JUNIPER-SA,10.100.101.26,172.16.30.28,Juniper,1,MAG-2600,7.4R9,2.71E+14,
LEC-DC-Misc,LEC-DC-Misc,10.100.101.143,192.168.20.22,Brocade,2,ICX7450-24P POE 24-port Management Module,SPR08030p,CYU3309N00Z:CYU3310N04N:,
LEC-DC-PA-5060-1,LEC-DC-PA-5060-1,10.100.101.5,192.168.20.100,Palo Alto,1,PA-5250,9.1.10,013101001745:,
LEC-DC-PA-5060-2,LEC-DC-PA-5060-2,10.100.101.6,192.168.20.101,Palo Alto,1,PA-5250,9.1.10,013101001662:,
LEC-DC-PANORAMA,LEC-DC-PANORAMA,10.100.101.15,172.16.30.41,Palo Alto,1,Panorama,9.1.10,0007D100911:,
LEC-DC-PUBLIC,LEC-DC-PUBLIC,10.100.101.10,192.168.20.250,Brocade,2,ICX7450-24P POE 24-port Management Module,SPR08030p,CYU3310N03K:CYU3309N02H:,
LEC-DC-SSL-VPN,LEC-DC-SSL-VPN,10.100.101.159,172.16.30.6,Pulse,1,None,None,None,
LEC-DC-User,LEC-DC-User,10.100.101.144,192.168.20.1,Brocade,4,ICX7450-48P POE 48-port Management Module,SPR08030p,CYR3334N05C:CYR3334N072:CYR3306N0E6:CYR3334N06F:,
MES-IDF-A,MES-IDF-A,10.100.101.89,172.17.16.4,Brocade,1,ICX7250-48P POE 48-port Management Module,SPR08090k,DUK3802P2VW:,
MES-IDF-B,MES-IDF-B,10.100.101.90,172.17.16.5,Brocade,1,ICX7250-24P POE 24-port Management Module,SPR08090k,DUI3820P0MM:,
MES-IDF-C,MES-IDF-C,10.100.101.91,172.17.16.6,Brocade,1,ICX7250-48P POE 48-port Management Module,SPR08090k,DUK3802P2LZ:,
MES-IDF-D,MES-IDF-D,10.100.101.92,172.17.16.7,Brocade,2,ICX7250-48P POE 48-port Management Module,SPR08090k,DUK3802P2W1:DUI3820P0NR:,
MES-MDF,MES-MDF,10.100.101.88,172.17.16.3,Brocade,2,ICX7450-48P POE 48-port Management Module,SPR08090k,CYR3343N06B:CYU3309N006:,
MHS-IDF-A,MHS-IDF-A,10.100.101.113,172.17.96.4,Brocade,2,ICX7250-48P POE 48-port Management Module,SPR08090k,DUK3807P0XJ:DUI3820P0N3:,
MHS-IDF-B,MHS-IDF-B,10.100.101.114,172.17.96.5,Brocade,2,ICX7250-48P POE 48-port Management Module,SPR08090k,DUK3807P0WC:DUI3820P0MY:,
MHS-IDF-C,MHS-IDF-C,10.100.101.115,172.17.96.6,Brocade,2,ICX7250-48P POE 48-port Management Module,SPR08090k,DUK3807P0WB:DUI3811P0X7:,
MHS-IDF-D,MHS-IDF-D,10.100.101.116,172.17.96.7,Brocade,1,ICX7250-48P POE 48-port Management Module,SPR08090k,DUK3806P010:,
MHS-IDF-E,MHS-IDF-E,10.100.101.117,172.17.96.8,Brocade,1,ICX7250-48P POE 48-port Management Module,SPR08090k,DUK3806P01V:,
MHS-IDF-F,MHS-IDF-F,10.100.101.118,172.17.96.9,Brocade,1,ICX7250-48P POE 48-port Management Module,SPR08090k,DUK3807P0XM:,
MHS-IDF-G,MHS-IDF-G,10.100.101.119,172.17.96.18,Brocade,1,ICX7250-48P POE 48-port Management Module,SPR08090k,DUK3806P00A:,
MHS-IDF-H,MHS-IDF-H,10.100.101.120,172.17.96.19,Brocade,1,ICX7250-48P POE 48-port Management Module,SPR08090k,DUK3807P0Y4:,
MHS-IDF-I,MHS-IDF-I,10.100.101.121,172.17.96.20,Brocade,1,ICX7250-24P POE 24-port Management Module,SPR08090k,DUI3820P0N4:,
MHS-IDF-J,MHS-IDF-J,10.100.101.122,172.17.96.21,Brocade,1,ICX7250-24P POE 24-port Management Module,SPR08090k,DUI3820P0N5:,
MHS-IDF-K,MHS-IDF-K,10.100.101.172,172.17.96.22,Brocade,1,ICX7250-48P POE 48-port Management Module,SPR08090k,DUK3849N11Z:,
MHS-IDF-Press,MHS-IDF-Press,10.100.101.173,172.17.96.23,Brocade,1,ICX7250-24P POE 24-port Management Module,SPR08090g,DUI3809Q0X2:,
MHS-MDF,MHS-MDF,10.100.101.8,172.17.96.3,Brocade,2,ICX7450-48P POE 48-port Management Module,SPR08090k,CYR3343N0A2:CYU3309N047:,
NFES-IDF-A,NFES-IDF-A,10.100.101.30,172.16.4.4,Brocade,2,ICX7250-48P POE 48-port Management Module,SPR08090k,DUK3812P10V:DUI3832P07J:,
NFES-IDF-B,NFES-IDF-B,10.100.101.31,172.16.4.5,Brocade,1,ICX7250-48P POE 48-port Management Module,SPR08090k,DUK3849N035:,
NFES-MDF,NFES-MDF,10.100.101.29,172.16.4.3,Brocade,2,ICX7450-48P POE 48-port Management Module,SPR08090k,CYR3343N04X:CYU3309N03N:,
OGES-IDF-A,OGES-IDF-A,10.100.101.69,172.16.38.4,Brocade,3,ICX7250-48P POE 48-port Management Module,SPR08090k,DUK3802P2VC:DUK3822R045:DUI3811P0X8:,
OGES-IDF-B,OGES-IDF-B,10.100.101.70,172.16.38.5,Brocade,3,ICX7250-48P POE 48-port Management Module,SPR08090k,DUK3822R03L:DUI3820P0MK:DUI3820P0GM:,
OGES-IDF-C,OGES-IDF-C,10.100.101.71,172.16.38.6,Brocade,3,ICX7250-48P POE 48-port Management Module,SPR08090k,DUK3802P2VF:DUK3822R049:DUK3802P02W:,
OGES-MDF,OGES-MDF,10.100.101.68,172.16.38.3,Brocade,2,ICX7450-48P POE 48-port Management Module,SPR08090k,CYR3343N02M:CYU3310N01P:,
OGES-MDF-Intercom,OGES-MDF-Intercom,10.100.101.167,172.16.38.7,Brocade,1,ICX7250-48P POE 48-port Management Module,SPR08090k,DUK3822R041:,
PES-IDF-A,PES-IDF-A,10.100.101.78,172.16.48.4,Brocade,2,ICX7250-48P POE 48-port Management Module,SPR08090k,DUK3812P13F:DUK3849N020:,
PES-IDF-B,PES-IDF-B,10.100.101.79,172.16.48.5,Brocade,4,ICX7250-48P POE 48-port Management Module,SPR08090k,DUK3849N0ZV:DUK3849N22Y:DUK3849N01R:DUI3811P0VM:,
PES-MDF,PES-MDF,10.100.101.77,172.16.48.3,Brocade,2,ICX7450-48P POE 48-port Management Module,SPR08090k,CYR3343N0AF:CYR3343N025:,
PES-MDF-Intercom,PES-MDF-Intercom,10.100.101.150,172.16.48.6,Brocade,1,ICX7250-48P POE 48-port Management Module,SPR08090k,DUK3849N03Y:,
PTCE-IDF-A,PTCE-IDF-A,10.100.101.44,172.16.14.4,Brocade,1,ICX7250-48P POE 48-port Management Module,SPR08090k,DUK3807P0XN:,
PTCE-IDF-B,PTCE-IDF-B,10.100.101.168,172.16.14.5,Brocade,1,ICX7250-48P POE 48-port Management Module,SPR08090k,DUK3803P003:,
PTCE-MDF,PTCE-MDF,10.100.101.43,172.16.14.3,Brocade,2,ICX7450-48P POE 48-port Management Module,SPR08090k,CYR3343N08N:CYR3352M06Z:,
Peach-WAN-Router,Peach-WAN-Router,168.8.0.102,168.8.0.102,ISP,None,None,None,None,
RSMS-IDF-A,RSMS-IDF-A,10.100.101.73,172.17.176.4,Brocade,3,ICX7250-48P POE 48-port Management Module,SPR08090k,DUK3849N02P:DUK3849N092:DUI3811P0VK:,
RSMS-IDF-ADMIN,RSMS-IDF-ADMIN,10.100.101.76,172.17.176.7,Brocade,3,ICX7250-48P POE 48-port Management Module,SPR08090k,DUK3849N01V:DUK3807P0MX:DUK3849N01S:,
RSMS-IDF-B,RSMS-IDF-B,10.100.101.74,172.17.176.5,Brocade,3,ICX7250-48P POE 48-port Management Module,SPR08090k,DUK3849N04S:DUK3849N03L:DUI3811P0ZD:,
RSMS-IDF-C,RSMS-IDF-C,10.100.101.75,172.17.176.6,Brocade,3,ICX7250-48P POE 48-port Management Module,SPR08090k,DUK3849N023:DUK3849N08Z:DUI3811P0VR:,
RSMS-MDF,RSMS-MDF,10.100.101.72,172.17.176.3,Brocade,2,ICX7450-48P POE 48-port Management Module,SPR08090k,CYR3343N09L:CYU3309N00X:,
RSMS-MDF-Intercom,RSMS-MDF-Intercom,10.100.101.148,172.17.176.8,Brocade,1,ICX7250-48P POE 48-port Management Module,SPR08090k,DUK3807P0JC:,
SCHS-IDF-A,SCHS-IDF-A,10.100.101.127,172.17.128.3,Brocade,1,ICX7250-48P POE 48-port Management Module,SPR08090k,DUK3812P12Y:,
SCHS-IDF-A-Intercom,SCHS-IDF-A-Intercom,10.100.101.174,172.17.128.14,Brocade,1,ICX6450-48p POE 48-port Management Module,ICX64R08010m,BZT0424K0AE:,
SCHS-IDF-B,SCHS-IDF-B,10.100.101.128,172.17.128.4,Brocade,1,ICX7250-48P POE 48-port Management Module,SPR08090k,DUK3846M078:,
SCHS-IDF-B-Intercom,SCHS-IDF-B-Intercom,10.100.101.175,172.17.128.15,Brocade,1,ICX6450-48p POE 48-port Management Module,ICX64R08010m,BZT3219M0CW:,
SCHS-IDF-C,SCHS-IDF-C,10.100.101.129,172.17.128.5,Brocade,1,ICX7250-48P POE 48-port Management Module,SPR08090k,DUK3812P12N:,
SCHS-IDF-C-Intercom,SCHS-IDF-C-Intercom,10.100.101.176,172.17.128.16,Brocade,1,ICX6450-48p POE 48-port Management Module,ICX64R08010m,BZT3219M0DW:,
SCHS-IDF-D,SCHS-IDF-D,10.100.101.130,172.17.128.6,Brocade,1,ICX7250-48P POE 48-port Management Module,SPR08090k,DUK3812P13C:,
SCHS-IDF-D-Intercom,SCHS-IDF-D-Intercom,10.100.101.177,172.17.128.17,Brocade,1,ICX6450-48p POE 48-port Management Module,ICX64R08010m,BZT3219M0E7:,
SCHS-IDF-E,SCHS-IDF-E,10.100.101.131,172.17.128.7,Brocade,1,ICX7250-48P POE 48-port Management Module,SPR08090k,DUK3812P133:,
SCHS-IDF-E-Intercom,SCHS-IDF-E-Intercom,10.100.101.178,172.17.128.18,Brocade,1,ICX6450-48p POE 48-port Management Module,ICX64R08010m,BZT3203M040:,
SCHS-IDF-F,SCHS-IDF-F,10.100.101.132,172.17.128.8,Brocade,1,ICX7250-48P POE 48-port Management Module,SPR08090k,DUK3812P12G:,
SCHS-IDF-F-Intercom,SCHS-IDF-F-Intercom,10.100.101.179,172.17.128.19,Brocade,1,ICX6450-24p POE 24-port Management Module,ICX64R08010m,BZR3218M005:,
SCHS-IDF-G,SCHS-IDF-G,10.100.101.133,172.17.128.9,Brocade,1,ICX7250-48P POE 48-port Management Module,SPR08090k,DUK3812P12R:,
SCHS-IDF-G-Intercom,SCHS-IDF-G-Intercom,10.100.101.180,172.17.128.20,Brocade,1,ICX6450-24p POE 24-port Management Module,ICX64R08010m,BZR3218M01R:,
SCHS-IDF-H,SCHS-IDF-H,10.100.101.134,172.17.128.10,Brocade,2,ICX7250-48P POE 48-port Management Module,SPR08090k,DUK3812P12K:DUI3823P044:,
SCHS-IDF-H-Intercom,SCHS-IDF-H-Intercom,10.100.101.181,172.17.128.21,Brocade,1,ICX6450-24p POE 24-port Management Module,ICX64R08010m,BZR3218M002:,
SCHS-IDF-I,SCHS-IDF-I,10.100.101.135,172.17.128.11,Brocade,1,ICX7250-24P POE 24-port Management Module,SPR08090k,DUI3823P04V:,
SCHS-IDF-I-Intercom,SCHS-IDF-I-Intercom,10.100.101.182,172.17.128.22,Brocade,1,ICX6450-24p POE 24-port Management Module,ICX64R08010m,BZR3218M00C:,
SCHS-IDF-J,SCHS-IDF-J,10.100.101.183,172.17.128.12,Brocade,1,ICX7250-24P POE 24-port Management Module,SPR08090k,DUI3823P040:,
SCHS-IDF-J-Intercom,SCHS-IDF-J-Intercom,10.100.101.184,172.17.128.23,Brocade,1,ICX6450-24p POE 24-port Management Module,ICX64R08010m,BZR3218M00L:,
SCHS-IDF-Press,SCHS-IDF-Press,10.100.101.185,172.17.128.24,Brocade,1,ICX7250-24P POE 24-port Management Module,SPR08090k,DUI3809Q0FK:,
SCHS-MDF,SCHS-MDF,10.100.101.126,172.17.128.2,Brocade,2,ICX7450-48P POE 48-port Management Module,SPR08090g,CYR3343N002:CYU3310N07B:,
SCHS-MDF-Intercom,SCHS-MDF-Intercom,10.100.101.149,172.17.128.13,Brocade,1,ICX6450-48p POE 48-port Management Module,ICX64R08010m,BZT3219M0E9:,
SHES-IDF-A,SHES-IDF-A,10.100.101.62,172.16.26.4,Brocade,2,ICX7250-48P POE 48-port Management Module,SPR08090k,DUK3812P10T:DUI3811P0YM:,
SHES-IDF-B,SHES-IDF-B,10.100.101.63,172.16.26.5,Brocade,2,ICX7250-48P POE 48-port Management Module,SPR08090k,DUK3812P03S:DUI3832P079:,
SHES-MDF,SHES-MDF,10.100.101.61,172.16.26.3,Brocade,2,ICX7450-48P POE 48-port Management Module,SPR08090k,CYR3343N07F:CYR3352M0HX:,
SHES-MDF-Intercom,SHES-MDF-Intercom,10.100.101.147,172.16.26.6,Brocade,2,ICX6450-48p POE 48-port Management Module,ICX64R08010m,BZT3219M072:BZR3218M019:,
SMHS-IDF-A,SMHS-IDF-A,10.100.101.93,172.17.32.4,Brocade,3,ICX7250-48P POE 48-port Management Module,SPR08090k,DUK3849N0ZF:DUK3804P03V:DUI3820P0KL:,
SMHS-IDF-ADMIN,SMHS-IDF-ADMIN,10.100.101.96,172.17.32.8,Brocade,3,ICX7250-48P POE 48-port Management Module,SPR08090k,DUK3849N0ZR:DUI3811P130:DUK3804P03F:,
SMHS-IDF-B,SMHS-IDF-B,10.100.101.94,172.17.32.5,Brocade,4,ICX7250-48P POE 48-port Management Module,SPR08090k,DUK3849N0ZT:DUK3849N03D:DUK3804P03E:DUI3820P0KB:,
SMHS-IDF-C,SMHS-IDF-C,10.100.101.95,172.17.32.6,Brocade,3,ICX7250-48P POE 48-port Management Module,SPR08090k,DUK3849N0ZM:DUK3804P048:DUK3827P08A:,
SMHS-IDF-D,SMHS-IDF-D,10.100.101.153,172.17.32.7,Brocade,2,ICX7250-48P POE 48-port Management Module,SPR08090k,DUK3849N21Z:DUK3804P04C:,
SMHS-IDF-Press,SMHS-IDF-Press,10.100.101.186,172.17.32.10,Brocade,1,ICX7250-24P POE 24-port Management Module,SPR08090k,DUI3809Q0FB:,
SMHS-Intercom,SMHS-Intercom,10.100.101.152,172.17.32.9,Brocade,1,ICX7250-48P POE 48-port Management Module,SPR08090k,DUK3804P03D:,
SMHS-MDF,SMHS-MDF,10.100.101.9,172.17.32.3,Brocade,2,ICX7450-48P POE 48-port Management Module,SPR08090k,CYR3343N09B:CYR3343N050:,
TRANS-IDF-WHSE,TRANS-IDF-WHSE,10.100.101.164,172.18.208.4,Brocade,1,ICX6450-24p POE 24-port Management Module,ICX64R08010m,BZR3233K04A:,
TRANS-MDF,TRANS-MDF,10.100.101.163,172.18.208.3,Brocade,3,ICX7450-48P POE 48-port Management Module,SPR08090k,CYR3343N0AT:CYR3343N0L6:CYU3310N02Y:,
WHS-IDF-A,WHS-IDF-A,10.100.101.100,172.17.64.4,Brocade,2,ICX7250-48P POE 48-port Management Module,SPR08090k,DUK3812P098:DUI3820P0P3:,
WHS-IDF-B,WHS-IDF-B,10.100.101.101,172.17.64.5,Brocade,1,ICX7250-48P POE 48-port Management Module,SPR08090k,DUK3849N13N:,
WHS-IDF-C,WHS-IDF-C,10.100.101.102,172.17.64.6,Brocade,1,ICX7250-48P POE 48-port Management Module,SPR08090k,DUK3849N10D:,
WHS-IDF-D,WHS-IDF-D,10.100.101.103,172.17.64.7,Brocade,1,ICX7250-24P POE 24-port Management Module,SPR08090k,DUI3820P0N8:,
WHS-IDF-E,WHS-IDF-E,10.100.101.104,172.17.64.8,Brocade,1,ICX7250-24P POE 24-port Management Module,SPR08090k,DUI3820P0M8:,
WHS-IDF-F,WHS-IDF-F,10.100.101.105,172.17.64.9,Brocade,1,ICX7250-48P POE 48-port Management Module,SPR08090k,DUK3849N13R:,
WHS-IDF-G,WHS-IDF-G,10.100.101.106,172.17.64.10,Brocade,1,ICX7250-48P POE 48-port Management Module,SPR08090k,DUK3849N13T:,
WHS-IDF-H,WHS-IDF-H,10.100.101.107,172.17.64.11,Brocade,1,ICX7250-24P POE 24-port Management Module,SPR08090k,DUI3820P0NS:,
WHS-IDF-I,WHS-IDF-I,10.100.101.108,172.17.64.12,Brocade,1,ICX7250-24P POE 24-port Management Module,SPR08090k,DUI3820P0NN:,
WHS-IDF-Press,WHS-IDF-Press,10.100.101.187,172.17.64.13,Brocade,1,ICX7250-24P POE 24-port Management Module,SPR08090k,DUI3809Q0XR:,
WHS-MDF,WHS-MDF,10.100.101.11,172.17.64.3,Brocade,1,ICX7450-48P POE 48-port Management Module,SPR08090k,CYR3343N09H:,
WMS-IDF-A,WMS-IDF-A,10.100.101.57,172.17.160.4,Brocade,1,ICX7250-48P POE 48-port Management Module,SPR08090k,DUK3849N13X:,
WMS-IDF-B,WMS-IDF-B,10.100.101.58,172.17.160.5,Brocade,1,ICX7250-48P POE 48-port Management Module,SPR08090k,DUK3849N13W:,
WMS-IDF-C,WMS-IDF-C,10.100.101.59,172.17.160.6,Brocade,1,ICX7250-48P POE 48-port Management Module,SPR08090k,DUK3849N13V:,
WMS-IDF-D,WMS-IDF-D,10.100.101.60,172.17.160.7,Brocade,1,ICX7250-48P POE 48-port Management Module,SPR08090k,DUK3849N106:,
WMS-MDF,WMS-MDF,10.100.101.56,172.17.160.3,Brocade,2,ICX7450-48P POE 48-port Management Module,SPR08090g,CYR3343N04M:CYR3343N088:,
